stockID,name,EPS_quater_previous,EPS_quater_newest,pe_ratio,volume,revenue_previous,revenue_newest
1101,台泥,0.26,0.25,34.2,9336.0,13004435.0,13325249.0
1102,亞泥,0.89,1.27,14.86,4063.0,6734055.0,6496635.0
1103,嘉泥,-0.06,0.11,118.0,191.0,267388.0,249964.0
1104,環泥,0.37,0.56,10.1,236.0,652544.0,599242.0
1108,幸福,0.3,0.33,11.73,251.0,382273.0,417664.0
1109,信大,0.35,0.55,9.79,141.0,359275.0,317761.0
1110,東泥,0.05,0.1,91.67,100.0,327212.0,289245.0
1201,味全,0.26,0.2,26.87,383.0,2217179.0,2134895.0
1203,味王,0.64,0.5,22.04,19.0,496672.0,467801.0
1210,大成,1,0.94,11.27,971.0,9027255.0,8614876.0
1213,大飲,-0.43,0,41.0,25897.0,18428.0,
1215,卜蜂,1.25,1.28,14.44,282.0,2417581.0,2273593.0
1216,統一,0.97,1.04,27.16,4619.0,61624958.0,57852278.0
1217,愛之味,0.16,0.24,18.97,1070.0,695333.0,487276.0
1218,泰山,0.32,0.42,13.6,450.0,1025513.0,985528.0
1219,福壽,0.15,0.18,20.29,134.0,1163022.0,1171870.0
1220,台榮,0.29,0.43,12.37,105.0,294205.0,273209.0
1225,福懋油,0.31,0.59,49.51,74.0,1077680.0,1030261.0
1227,佳格,0.52,0.32,22.05,676.0,2599750.0,2895023.0
1229,聯華,0.7,0.79,22.39,642.0,918462.0,916900.0
1231,聯華食,1.18,0.88,24.03,78.0,1148313.0,920820.0
1232,大統益,1.76,2.65,18.97,57.0,1810031.0,1742432.0
1233,天仁,0.37,0.23,33.3,14.0,185428.0,183712.0
1234,黑松,0.44,0.62,17.03,69.0,1119093.0,944042.0
1235,興泰,0.41,0.6,33.02,17.0,13339.0,13412.0
1236,宏亞,0.09,-0.3,180.77,14.0,158879.0,182447.0
1256,鮮活果汁-KY,1.34,2.72,17.05,26.0,419072.0,432465.0
1301,台塑,0.03,0.21,55.6,9593.0,16140806.0,16641520.0
1303,南亞,0.16,0.22,43.99,8176.0,22463979.0,21428221.0
1304,台聚,-0.37,-0.23,1459.0,4233703.0,4138650.0,
1305,華夏,-0.05,0.16,53.17,473.0,643628.0,921273.0
1307,三芳,1.04,0.75,15.14,3957.0,1102715.0,923027.0
1308,亞聚,-0.32,-0.12,886.0,469189.0,382991.0,
1309,台達化,-0.26,-0.1,1755.0,1885923.0,1678546.0,
1310,台苯,-0.06,0.01,331.0,1037809.0,961410.0,
1312,國喬,-0.44,-0.23,2156.0,1506252.0,1200035.0,
1313,聯成,-0.59,-0.43,600.0,5639666.0,5094421.0,
1314,中石化,0.06,0.06,25.44,21195.0,2826544.0,2068523.0
1315,達新,0.42,0.62,37.07,0.0,176634.0,175583.0
1316,上曜,-0.27,0.05,2682.0,84224.0,154633.0,
1319,東陽,1.98,1.76,15.75,2145.0,2127240.0,2171105.0
1321,大洋,0.53,0.32,33.24,434.0,339149.0,344278.0
1323,永裕,0.26,0.29,25.26,13.0,193855.0,189504.0
1324,地球,0,0.02,38.68,81.0,61453.0,59058.0
1325,恆大,0.16,-0.07,307.22,177.0,23387.0,23142.0
1326,台化,0.26,0.32,20.56,4781.0,29371521.0,27508402.0
1337,再生-KY,-0.36,-0.34,272.0,57355.0,54485.0,
1338,廣華-KY,-0.3,0.1,60.0,355935.0,451843.0,
1339,昭輝,1.8,1.23,9.3,36.0,163417.0,159246.0
1340,勝悅-KY,-0.66,-0.77,71.0,25196.0,30893.0,
1341,富林-KY,1.46,1.2,15.08,11.0,223731.0,206337.0
1342,八貫,1.77,1.46,15.26,87.0,210514.0,212103.0
1402,遠東新,0.32,0.69,20.73,5384.0,22820578.0,22602356.0
1409,新纖,0.22,0.27,19.02,2421.0,3869327.0,3751001.0
1410,南染,0.22,0.1,100.27,2.0,23137.0,20499.0
1413,宏洲,-0.11,-0.11,26.0,223484.0,205423.0,
1414,東和,0.08,0.08,83.15,283.0,39468.0,37721.0
1416,廣豐,0.15,0.28,14.15,365.0,25265.0,28518.0
1417,嘉裕,-0.02,-0.16,214.0,50209.0,32097.0,
1418,東華,-0.65,-0.45,51.56,54.0,711.0,89.0
1419,新紡,0.3,0.71,20.3,86.0,476876.0,395516.0
1423,利華,0.02,0.26,56.27,18.0,10436.0,5322.0
1432,大魯閣,0,-0.11,82.83,138.0,117702.0,98050.0
1434,福懋,0.11,0.14,103.68,1232.0,2440336.0,2366216.0
1435,中福,-0.03,-0.05,0.0,991.0,990.0,
1436,華友聯,-0.36,5.74,8.42,333.0,1338989.0,1524020.0
1437,勤益控,0.81,1.07,9.91,72.0,67733.0,66233.0
1438,三地開發,-0.11,-0.38,147.0,1164987.0,,
1439,雋揚,0.54,0.13,19.65,23.0,4818.0,4843.0
1440,南紡,-0.06,-0.04,10.27,1322.0,1640302.0,1335209.0
1441,大東,-0.49,2.8,173.33,9.0,196730.0,121556.0
1442,名軒,1.43,2.38,8.33,507.0,783468.0,744619.0
1443,立益物流,0.72,0.41,16.71,34.0,78106.0,84757.0
1444,力麗,0.24,0.1,43.43,693.0,693298.0,710908.0
1445,大宇,0,0.02,2.43,75.0,96901.0,76198.0
1446,宏和,2.13,2.05,8.36,896.0,623695.0,385413.0
1447,力鵬,0.22,0.02,662.0,2981826.0,1892762.0,
1449,佳和,0.52,0.33,14.83,419.0,221819.0,215637.0
1451,年興,0.15,0.33,67.0,525555.0,446175.0,
1452,宏益,-0.02,0.36,21.41,51.0,151258.0,154158.0
1453,大將,0.15,0.12,24.58,96.0,115.0,114.0
1454,台富,0.16,0.09,67.31,120.0,148457.0,138676.0
1455,集盛,0.14,0.12,65.31,680.0,836096.0,715945.0
1456,怡華,-0.46,-0.44,334.0,163433.0,97066.0,
1457,宜進,0.03,0.25,6.7,119.0,338734.0,300639.0
1459,聯發,0.01,0.36,29.41,297.0,90111.0,102407.0
1460,宏遠,0.01,-0.18,251.0,731112.0,742908.0,
1463,強盛新,0.09,-0.05,46.96,55.0,27785.0,19206.0
1464,得力,0.13,0.25,32.24,1032.0,1123341.0,1166847.0
1465,偉全,0.36,0.2,20.53,225.0,42212.0,40150.0
1466,聚隆,-0.17,0.06,1135.0,282486.0,270765.0,
1467,南緯,0.12,0,54.75,209.0,438840.0,537396.0
1468,昶和,0.25,0.47,19.01,37.0,88307.0,80796.0
1470,大統新創,0.36,0.27,29.57,1.0,71268.0,67423.0
1471,首利,0.04,0.02,655.0,534.0,24686.0,24269.0
1472,三洋實業,1.13,0.26,14.93,63.0,158084.0,203874.0
1473,台南,1.44,0.61,12.05,747.0,676301.0,471729.0
1474,弘裕,0.62,0.17,17.82,282.0,277986.0,255691.0
1475,業旺,1.74,2.27,10.46,57.0,173771.0,172791.0
1476,儒鴻,5.19,6.32,24.94,327.0,3707565.0,3189368.0
1477,聚陽,4.63,3.55,19.91,2034.0,4110109.0,3291362.0
1503,士電,2.27,1.36,38.74,2639.0,2536899.0,2922673.0
1504,東元,0.55,0.78,21.43,3868.0,4454245.0,4368723.0
1506,正道,0.04,0.02,69.5,181.0,85384.0,91268.0
1512,瑞利,-0.18,-0.01,21.0,90865.0,76033.0,
1513,中興電,1.93,1.82,23.72,9018.0,2195732.0,2105114.0
1514,亞力,0.89,0.77,33.78,9673.0,601443.0,696218.0
1515,力山,1.34,0.53,8.79,261.0,604625.0,388591.0
1516,川飛,0.46,0.27,23.8,153.0,3853.0,3929.0
1517,利奇,-0.02,-0.1,110.0,194260.0,165385.0,
1519,華城,2.29,3.11,46.07,5850.0,1587327.0,1765912.0
1521,大億,0.42,0.46,39.21,21.0,272940.0,251199.0
1522,堤維西,2.01,1.65,11.37,2545.0,1559908.0,1536105.0
1524,耿鼎,1.02,0.63,11.85,4918.0,258060.0,254120.0
1525,江申,0.66,0.98,18.87,59.0,126003.0,138583.0
1526,日馳,-0.06,0.09,51.0,40900.0,61627.0,
1527,鑽全,1.1,0.92,13.01,163.0,292562.0,234529.0
1528,恩德,-0.27,0.05,115421.0,308799.0,342583.0,
1529,樂事綠能,-0.11,0.26,139.5,408.0,46388.0,77066.0
1530,亞崴,0.18,0.49,14.02,251.0,177572.0,152402.0
1531,高林股,0.07,0.12,29.6,124.0,130417.0,148094.0
1532,勤美,1.34,2.29,7.24,1672.0,1192589.0,1068464.0
1533,車王電,-0.72,-0.52,42.0,189272.0,226177.0,
1535,中宇,0.97,0.98,14.49,96.0,812401.0,919570.0
1536,和大,0.32,0.15,100.0,2084.0,505903.0,446389.0
1537,廣隆,2.54,3.29,15.5,189.0,772132.0,706926.0
1538,正峰,-0.36,-0.25,25.0,10850.0,7790.0,
1539,巨庭,0.64,0.41,17.92,1929.0,142762.0,84391.0
1540,喬福,0.66,0.82,21.79,3953.0,39399.0,29278.0
1541,錩泰,0.76,0.39,12.04,39.0,265602.0,216247.0
1558,伸興,1.42,2.06,19.2,32.0,900973.0,731918.0
1560,中砂,1.77,1.75,54.15,1748.0,586261.0,638126.0
1563,巧新,1.17,0.72,19.41,312.0,573255.0,597422.0
1568,倉佑,0.77,0.27,9.88,184.0,77661.0,90435.0
1582,信錦,1.73,2.32,14.68,3042.0,812293.0,739015.0
1583,程泰,0.36,1.52,10.16,154.0,382913.0,364936.0
1587,吉茂,0.04,-0.4,414.0,173296.0,182886.0,
1589,永冠-KY,-4.62,-3.33,636.0,620426.0,647069.0,
1590,亞德客-KY,9.15,11.31,23.65,212.0,2442223.0,2472535.0
1597,直得,0.41,0.22,136.59,6076.0,110720.0,84718.0
1598,岱宇,0.22,-0.7,197.0,556399.0,571519.0,
1603,華電,0.67,0.51,11.54,682.0,312239.0,312564.0
1604,聲寶,0.61,0.66,13.38,142.0,777934.0,654600.0
1605,華新,0.22,0.55,24.61,7708.0,14164800.0,14503449.0
1608,華榮,0.69,0.5,14.76,1049.0,987386.0,903344.0
1609,大亞,0.34,1.24,20.84,5408.0,2713947.0,2415984.0
1611,中電,0.18,0.15,30.36,932.0,104273.0,86346.0
1612,宏泰,0.58,0.9,14.13,489.0,504488.0,475857.0
1614,三洋電,0.07,0.08,52.08,71.0,493835.0,453701.0
1615,大山,0.99,1.12,14.4,75.0,664055.0,481466.0
1616,億泰,0.14,-0.06,25.99,332.0,355497.0,487542.0
1617,榮星,0.15,0.28,106.05,157.0,291704.0,289270.0
1618,合機,0.62,0.91,14.62,834.0,489016.0,276802.0
1626,艾美特-KY,-0.41,0.35,40.0,336236.0,555884.0,
1702,南僑,1.45,1.08,10.55,793.0,2010429.0,2098827.0
1707,葡萄王,1.74,2.21,15.8,155.0,838643.0,1232496.0
1708,東鹼,0.81,1.16,14.05,1266.0,553054.0,559176.0
1709,和益,0.39,0.58,16.67,707.0,1134128.0,781295.0
1710,東聯,0.03,0.01,590.0,2111272.0,2072475.0,
1711,永光,0.06,0.22,74.29,26995.0,666625.0,675314.0
1712,興農,0.81,0.55,17.39,492.0,1632276.0,1553265.0
1713,國化,0.41,2.25,13.34,143.0,35819.0,32031.0
1714,和桐,0.29,-0.02,15.53,1478.0,1768998.0,1725230.0
1717,長興,0.38,0.38,20.12,4724.0,3958986.0,3618106.0
1718,中纖,0.01,0.07,2079.0,4416853.0,2747430.0,
1720,生達,1.41,1.21,13.49,224.0,592546.0,577357.0
1721,三晃,-0.44,-0.22,24594.0,186050.0,231382.0,
1722,台肥,0.33,0.46,36.05,1547.0,995648.0,1025790.0
1723,中碳,1.2,1.49,18.14,254.0,876636.0,512032.0
1725,元禎,0.25,0.34,30.22,803.0,763853.0,606712.0
1726,永記,1.48,1.18,14.72,12.0,766451.0,776108.0
1727,中華化,-0.01,0.22,203.0,22648.0,218497.0,202054.0
1730,花仙子,0.82,1.04,15.16,16.0,209393.0,207137.0
1731,美吾華,0.44,0.35,18.12,48.0,117280.0,116047.0
1732,毛寶,0.11,0.12,231.67,133.0,47427.0,48823.0
1733,五鼎,0.29,0.27,26.88,96.0,183290.0,186470.0
1734,杏輝,0.66,0.39,14.51,97.0,280388.0,209681.0
1735,日勝化,0.3,0.22,23.63,8075.0,232662.0,217873.0
1736,喬山,-0.46,0.96,38.43,1584.0,4069705.0,4688781.0
1737,臺鹽,0.52,0.5,18.94,684.0,298472.0,284881.0
1752,南光,0.54,0.44,39.45,60.0,185296.0,188749.0
1760,寶齡富錦,0.51,0.23,72.88,130.0,240350.0,130967.0
1762,中化生,0.52,0.27,27.89,42.0,155812.0,123658.0
1773,勝一,1.85,1.91,26.39,846.0,1053025.0,960837.0
1776,展宇,0.24,0.18,27.59,1895.0,101377.0,100174.0
1783,和康生,0.32,0.66,25.7,60.0,54937.0,63049.0
1786,科妍,0.76,1,33.07,892.0,85867.0,60324.0
1789,神隆,0.18,0.09,48.04,375.0,211846.0,265990.0
1795,美時,3.96,5.09,17.11,1125.0,1325338.0,1186821.0
1802,台玻,-0.09,-0.06,114.69,13371.0,3468295.0,3225767.0
1805,寶徠,0.2,0.42,80.0,617.0,43.0,
1806,冠軍,0.03,0.01,60.53,1038.0,321092.0,275590.0
1808,潤隆,0.75,3.82,2.93,1607.0,458524.0,570068.0
1809,中釉,0.11,0.04,193.18,4424.0,184735.0,189291.0
1810,和成,-0.06,0.09,163.18,393.0,386280.0,373897.0
1817,凱撒衛,0.93,1.12,9.69,102.0,242986.0,231799.0
1903,士紙,-0.05,-0.06,127.95,103.0,14171.0,10993.0
1904,正隆,0.25,0.14,26.13,1050.0,3650543.0,5159848.0
1905,華紙,0.04,-0.17,1292.0,1775946.0,1552185.0,
1906,寶隆,0.3,-0.12,108.93,56.0,218130.0,243791.0
1907,永豐餘,0.17,0.01,27.07,1236.0,6865287.0,6621413.0
1909,榮成,0,0.1,229.17,560.0,3893113.0,4000098.0
2002,中鋼,0.04,0.09,101.82,9305.0,29595067.0,26747619.0
2006,東和鋼鐵,1.5,1.59,11.43,914.0,5290398.0,4541875.0
2007,燁興,-0.42,-0.55,736.0,694419.0,629225.0,
2008,高興昌,0,0.18,79.75,49.0,116389.0,105624.0
2009,第一銅,0,0.15,150.0,593.0,279409.0,257054.0
2010,春源,0.31,0.38,13.2,569.0,2053349.0,2039061.0
2012,春雨,0.23,0.55,19.85,120.0,819512.0,831398.0
2013,中鋼構,0.59,0.69,18.75,94.0,1443190.0,1602897.0
2014,中鴻,0.04,-0.19,4026.0,2190260.0,1956661.0,
2015,豐興,1.03,1.33,19.22,225.0,2749966.0,2645006.0
2017,官田鋼,0.62,-0.02,40.0,410.0,314023.0,307510.0
2020,美亞,1.72,0.69,4.75,451.0,461820.0,413855.0
2022,聚亨,0.18,-0.11,77.31,424.0,593804.0,689236.0
2023,燁輝,0.02,-0.05,1393.0,5186500.0,5821470.0,
2024,志聯,0.01,0.05,4.0,88268.0,77005.0,
2025,千興,-0.26,0.07,520.0,49327.0,53793.0,
2027,大成鋼,0.47,0.4,19.28,3444.0,7499728.0,6922208.0
2028,威致,0.45,0.31,23.5,281.0,749916.0,828960.0
2029,盛餘,0.49,0.48,11.89,277.0,1192771.0,1066034.0
2030,彰源,-0.11,0.41,59.84,969.0,1137370.0,931929.0
2031,新光鋼,2.31,4.53,6.31,489.0,1223057.0,1068782.0
2032,新鋼,0.13,0.19,51.29,159.0,261872.0,238649.0
2033,佳大,0.04,0.05,187.86,1746.0,48987.0,42216.0
2034,允強,0.1,0.06,1254.0,1357518.0,1158954.0,
2038,海光,0.24,0.04,135.36,758.0,942167.0,740124.0
2049,上銀,1.12,1.65,44.26,3345.0,2041260.0,2164124.0
2059,川湖,14.55,15.29,24.94,3013.0,868862.0,821999.0
2062,橋椿,0.73,1.07,12.25,1212.0,651276.0,572307.0
2069,運錩,-0.51,0.78,105.63,315.0,1020667.0,748591.0
2101,南港,0.01,0.65,62.37,1575.0,866206.0,7027665.0
2102,泰豐,-0.19,-0.15,194.0,24115.0,32753.0,
2103,台橡,0.32,0.39,20.34,625.0,3195688.0,3410390.0
2104,國際中橡,-0.25,-1.46,1086.0,1634289.0,1312107.0,
2105,正新,0.68,0.73,19.0,6616.0,8745988.0,8461855.0
2106,建大,0.46,0.44,16.68,556.0,3053842.0,2848764.0
2107,厚生,0.35,0.79,14.08,113.0,106158.0,162631.0
2108,南帝,0.21,0.33,31.8,501.0,1014910.0,1123242.0
2109,華豐,0.48,0.44,10.34,222.0,427438.0,329846.0
2114,鑫永銓,1.25,1.2,16.62,26.0,121154.0,121761.0
2115,六暉-KY,0.4,0.65,19.94,51.0,259827.0,266636.0
2201,裕隆,0.83,1.16,13.75,4238.0,6999969.0,7066281.0
2204,中華,2.29,2.21,7.53,1863.0,1882462.0,2729237.0
2206,三陽工業,1.75,1.62,10.43,1490.0,5022347.0,5367010.0
2207,和泰車,10.56,10.54,16.51,195.0,20734032.0,20109797.0
2208,台船,-0.28,-0.18,1579.0,1221334.0,933903.0,
2211,長榮鋼,1.16,1.91,16.69,681.0,1150102.0,1159962.0
2227,裕日車,2,1.28,21.27,20.0,1377419.0,1960731.0
2228,劍麟,3.49,1.48,12.75,625.0,443891.0,478609.0
2231,為升,0.92,0.13,50.0,273.0,394936.0,427571.0
2233,宇隆,2.48,3.01,15.11,935.0,303064.0,309600.0
2236,百達-KY,0.27,-0.19,63.28,599.0,152740.0,140825.0
2239,英利-KY,0.32,-0.1,19.75,153.0,1512066.0,1728243.0
2241,艾姆勒,-0.31,-0.4,1699.0,62929.0,53707.0,
2243,宏旭-KY,0.14,0.04,686.0,179760.0,85263.0,
2247,汎德永業,5.22,6.78,13.07,21.0,3567886.0,5481869.0
2250,IKKA-KY,1.53,1.77,14.53,81.0,307632.0,314096.0
2301,光寶科,1.04,1.36,17.86,4155.0,12053795.0,11850060.0
2302,麗正,0.11,0.19,33.63,2909.0,68110.0,68296.0
2303,聯電,0.84,1.11,11.9,44701.0,20645494.0,18942714.0
2305,全友,0.14,0.06,96.0,413.0,66730.0,66227.0
2308,台達電,2.22,3.83,30.85,3485.0,37770041.0,37094029.0
2312,金寶,0.3,0.3,29.76,27057.0,13767941.0,18544764.0
2313,華通,0.83,0.97,14.81,16241.0,7004922.0,6463377.0
2314,台揚,-0.72,-0.76,1749.0,117133.0,108871.0,
2316,楠梓電,0.99,0.97,8.16,4187.0,331646.0,242331.0
2317,鴻海,1.59,2.53,19.48,50972.0,548311941.0,733023957.0
2321,東訊,-0.6,-0.43,8.0,40090.0,50910.0,
2323,中環,-0.25,1.28,16.47,3683.0,618550.0,640251.0
2324,仁寶,0.43,0.66,17.57,9664.0,84111446.0,83765925.0
2327,國巨,11.02,13.02,13.21,2614.0,10317720.0,10415225.0
2328,廣宇,0.33,0.53,17.37,1701.0,2109223.0,1975658.0
2329,華泰,0.7,0.5,15.85,50161.0,1339230.0,1329392.0
2330,台積電,8.7,9.56,30.2,31380.0,250866368.0,251872717.0
2331,精英,0.07,0.06,21.22,1054.0,1558009.0,1459533.0
2332,友訊,-0.09,0.04,992.5,3745.0,1233460.0,1257999.0
2337,旺宏,-0.58,-0.15,5574.0,2695847.0,2652966.0,
2338,光罩,3.16,-1.15,25.48,1283.0,557735.0,638494.0
2340,台亞,-0.08,-0.13,529.29,1611.0,402632.0,410513.0
2342,茂矽,-0.06,0.18,316.0,174501.0,175364.0,
2344,華邦電,-0.11,0.41,112.22,13736.0,6997545.0,7231483.0
2345,智邦,4.02,4.62,34.57,2828.0,9416897.0,10047189.0
2347,聯強,1.32,1.09,15.35,2174.0,34095145.0,38611214.0
2348,海悅,7.93,3.26,8.38,820.0,646631.0,633961.0
2349,錸德,0.02,0.01,6952.0,593814.0,585264.0,
2351,順德,0.9,1.2,35.06,1539.0,989583.0,914431.0
2352,佳世達,0.13,0.34,29.77,6719.0,16840284.0,17666058.0
2353,宏碁,0.4,0.47,22.51,5512.0,22822491.0,26310042.0
2354,鴻準,0.6,0.61,25.04,14123.0,6783743.0,5605568.0
2355,敬鵬,0.82,0.85,13.09,962.0,1383884.0,1372888.0
2356,英業達,0.3,0.5,24.47,12432.0,52028078.0,56253892.0
2357,華碩,7.33,15.9,13.81,2575.0,57139671.0,62060474.0
2358,廷鑫,-0.78,-1.75,0.0,,,
2359,所羅門,0.21,0.14,117.86,2671.0,294461.0,334487.0
2360,致茂,2.27,3.34,41.35,4380.0,2072772.0,1769068.0
2362,藍天,1.42,0.68,20.56,6102.0,2485865.0,2448247.0
2363,矽統,-0.1,-0.16,22726.0,21684.0,176923.0,
2364,倫飛,0.91,1.48,23.82,575.0,132572.0,121690.0
2365,昆盈,0.16,0.18,109.33,4592.0,99872.0,75538.0
2367,燿華,0.41,0.84,35.87,8769.0,1606878.0,1531025.0
2368,金像電,2.5,3.12,19.69,2870.0,3571863.0,3333418.0
2369,菱生,-0.25,0.27,33431.0,465239.0,440155.0,
2371,大同,0.28,-0.37,72.58,4202.0,4032767.0,3925579.0
2373,震旦行,0.83,1.08,14.91,21.0,854905.0,989382.0
2374,佳能,0.53,0.51,25.12,8856.0,574025.0,574774.0
2375,凱美,0.74,1.79,21.16,233.0,453199.0,473833.0
2376,技嘉,3.18,4.66,22.29,5337.0,24662927.0,26735874.0
2377,微星,2.95,2.49,19.95,2819.0,16422915.0,19810278.0
2379,瑞昱,6.1,8.55,20.11,2634.0,10212638.0,9829641.0
2380,虹光,0.03,-0.27,57.0,158700.0,182247.0,
2382,廣達,3.13,3.92,24.46,20952.0,145176833.0,155109787.0
2383,台光電,5.76,7.08,17.84,8491.0,5741209.0,5940565.0
2385,群光,2.42,3.4,14.35,1789.0,9687161.0,9653109.0
2387,精元,1.18,1.89,8.47,289.0,2245683.0,2135139.0
2388,威盛,0.15,0.13,121.96,9841.0,1835800.0,2649497.0
2390,云辰,-0.68,0.2,517.0,52023.0,57272.0,
2392,正崴,0.83,0.58,14.47,1726.0,8333024.0,7917574.0
2393,億光,1.67,1.85,16.95,3995.0,1924804.0,1753651.0
2395,研華,2.32,2.46,30.91,1132.0,4967440.0,4950809.0
2397,友通,0.45,0.64,35.35,227.0,924943.0,880733.0
2399,映泰,0.19,0.05,65689.0,131865.0,180024.0,
2401,凌陽,0.39,0.01,1443.0,619992.0,547813.0,
2402,毅嘉,0.3,0.6,22.96,4113.0,892629.0,870663.0
2404,漢唐,6.79,6.36,13.68,603.0,3573106.0,3586435.0
2405,輔信,0.07,0,224.44,3710.0,123307.0,126171.0
2406,國碩,0.05,-0.11,1957.0,582179.0,588901.0,
2408,南亞科,-0.39,-0.26,4862.0,2802250.0,2584927.0,
2409,友達,-0.46,-0.03,24618.0,27012994.0,25871576.0,
2412,中華電,1.21,1.27,26.11,11354.0,18355881.0,19486194.0
2413,環科,0.07,-0.31,134.06,228.0,215623.0,246861.0
2414,精技,0.56,0.6,15.41,62.0,2188950.0,2170149.0
2415,錩新,0.25,0.14,43.17,312.0,206609.0,169890.0
2417,圓剛,-0.02,-0.11,600.0,294575.0,264486.0,
2419,仲琦,-0.09,0.02,2204.0,555635.0,779723.0,
2420,新巨,1.23,1.09,18.22,2596.0,209957.0,167314.0
2421,建準,1.19,1.39,21.71,5637.0,1360405.0,1273787.0
2423,固緯,0.6,0.41,14.46,692.0,231255.0,216200.0
2424,隴華,-1.21,-1.08,44.0,10641.0,10379.0,
2425,承啟,0.34,0.1,38.89,1390.0,618388.0,506565.0
2426,鼎元,-0.05,0.44,102.2,6691.0,214301.0,204004.0
2427,三商電,0.53,0.3,18.12,681.0,235686.0,527869.0
2428,興勤,2.6,3.42,14.98,123.0,650842.0,665600.0
2429,銘旺科,-0.33,-0.97,238.0,25658.0,31408.0,
2430,燦坤,0.44,0.33,18.14,22.0,1602579.0,1617732.0
2431,聯昌,-0.19,-0.14,12461.0,31490.0,41369.0,
2433,互盛電,0.51,0.65,15.11,31.0,223619.0,226267.0
2434,統懋,1.33,-0.67,114.46,75.0,3670.0,3733.0
2436,偉詮電,0.49,0.51,39.05,1508.0,275375.0,290543.0
2438,翔耀,-0.57,-0.07,364.0,38307.0,34018.0,
2439,美律,1.7,2.24,15.12,2682.0,4503841.0,4548840.0
2440,太空梭,-0.04,-0.02,185.0,296227.0,307032.0,
2441,超豐,0.92,1.27,14.62,531.0,1316086.0,1252598.0
2442,新美齊,0.67,0.25,11.0,2233.0,95068.0,15926.0
2443,昶虹,-0.04,-0.08,0.0,,,
2444,兆勁,0.07,-0.17,120.42,377.0,150201.0,113839.0
2449,京元電子,1.12,1.56,26.05,21899.0,2351067.0,2343053.0
2450,神腦,0.52,0.37,16.0,50.0,2639948.0,2761710.0
2451,創見,1.88,1.67,14.95,1385.0,908747.0,819543.0
2453,凌群,0.86,0.57,20.64,6838.0,515695.0,670468.0
2454,聯發科,19.85,16.19,20.57,5395.0,41527835.0,44675936.0
2455,全新,1.04,1.09,41.98,3326.0,273961.0,269294.0
2457,飛宏,0.16,0.1,78.57,759.0,1063702.0,821693.0
2458,義隆,2.4,2.58,15.85,1559.0,1188899.0,1114868.0
2459,敦吉,1.44,1.47,11.82,12.0,427678.0,425481.0
2460,建通,-0.42,0,191.0,272499.0,257959.0,
2461,光群雷,0.1,1.47,13.67,259.0,433359.0,444256.0
2462,良得電,0.44,0.57,13.84,1906.0,372570.0,370385.0
2464,盟立,0.06,0.07,93.56,16130.0,741661.0,796115.0
2465,麗臺,-1,-1.59,271.0,427360.0,325865.0,
2466,冠西電,-0.38,-0.17,7.0,157751.0,54195.0,
2467,志聖,1.15,1.25,50.12,2362.0,357300.0,333203.0
2468,華經,0.27,0.19,23.75,213.0,146640.0,205182.0
2471,資通,0.21,0.91,17.5,54.0,75586.0,73724.0
2472,立隆電,1.47,1.87,11.8,642.0,935935.0,921902.0
2474,可成,6.73,5.05,13.81,1943.0,1665219.0,1463194.0
2476,鉅祥,1.14,1.41,20.8,1100.0,607658.0,605687.0
2477,美隆電,0.07,0.57,28.35,7833.0,337791.0,311785.0
2478,大毅,0.92,0.89,17.32,78.0,464905.0,421211.0
2480,敦陽科,1.94,1.88,17.41,97.0,593636.0,625350.0
2481,強茂,0.47,0.74,26.04,8819.0,1127773.0,1109296.0
2482,連宇,0.71,0,40.92,3444.0,53067.0,51935.0
2483,百容,0.12,0.21,66.86,19.0,142647.0,142513.0
2484,希華,0.24,0.27,24.66,319.0,220831.0,203592.0
2485,兆赫,-0.35,-0.29,427.0,100165.0,90854.0,
2486,一詮,-0.03,0.13,247.06,42986.0,487452.0,501805.0
2488,漢平,0.74,1.39,9.53,396.0,359809.0,336832.0
2489,瑞軒,0.77,0.33,16.46,21799.0,2622042.0,2461537.0
2491,吉祥全,0.25,-0.05,36.25,64.0,16610.0,18195.0
2492,華新科,1.27,2.06,21.0,866.0,3076398.0,3182121.0
2493,揚博,1.43,1.62,19.7,3091.0,306902.0,343822.0
2495,普安,0.45,0.57,22.69,8362.0,108277.0,82521.0
2496,卓越,1.51,1.27,11.7,24.0,81743.0,74166.0
2497,怡利電,0.55,0.72,32.04,3010.0,489824.0,444427.0
2498,宏達電,-1.08,-0.98,8530.0,203561.0,337794.0,
2501,國建,0.47,0.3,11.53,1922.0,923599.0,1081604.0
2504,國產,0.7,1.66,13.45,2024.0,1906931.0,1755131.0
2505,國揚,0.15,0.12,31.13,131.0,712.0,71832.0
2506,太設,-0.17,-0.06,303.0,70032.0,157094.0,
2509,全坤建,-0.25,0.28,127.0,40601.0,66352.0,
2511,太子,0.08,-0.05,50.0,1392.0,613333.0,623480.0
2514,龍邦,1.28,0.43,6.35,151.0,2166331.0,2724461.0
2515,中工,0.07,0.1,28.13,8269.0,2364289.0,2186725.0
2516,新建,0.22,0.02,23.27,190.0,809927.0,791013.0
2520,冠德,1.39,4.4,5.26,2937.0,1996216.0,2342031.0
2524,京城,0.54,0.95,31.99,737.0,383975.0,535652.0
2527,宏璟,0.04,0.03,12.89,337.0,361450.0,151899.0
2528,皇普,-0.1,-0.42,379.0,381.0,22939.0,
2530,華建,0.23,0.62,26.17,387.0,558079.0,402117.0
2534,宏盛,0.1,-0.12,57.72,839.0,96057.0,64530.0
2535,達欣工,0.89,1.69,10.59,463.0,1153251.0,1114789.0
2536,宏普,-0.06,0.14,21.89,761.0,14924.0,14922.0
2537,聯上發,0.07,0.43,31.88,2560.0,619.0,501.0
2538,基泰,0.3,0.07,675.0,143178.0,18799.0,
2539,櫻花建,0.47,0.08,22.08,483.0,,
2540,愛山林,1.53,1.32,17.18,1909.0,868070.0,993268.0
2542,興富發,0.32,0.37,36.11,12221.0,3524758.0,3050875.0
2543,皇昌,0.39,3.29,19.55,13786.0,903191.0,1016528.0
2545,皇翔,1.83,2.45,8.39,566.0,2339735.0,1075407.0
2546,根基,1.01,1.12,12.36,64.0,1157734.0,1276590.0
2547,日勝生,-0.11,-0.09,1702.0,568308.0,518704.0,
2548,華固,-0.27,0.93,16.31,1548.0,1995647.0,374214.0
2597,潤弘,2.14,3.41,10.98,170.0,2470626.0,2187245.0
2601,益航,-0.07,-0.01,8464.0,390952.0,354116.0,
2603,長榮,8.14,13.7,6.11,14450.0,53758648.0,44637217.0
2605,新興,0.6,1.2,12.42,3992.0,348527.0,346996.0
2606,裕民,1.17,1.44,12.11,3400.0,1257574.0,1446829.0
2607,榮運,0.53,0.69,13.67,582.0,2190085.0,2039698.0
2608,嘉里大榮,0.58,0.55,16.31,101.0,1106885.0,1053658.0
2609,陽明,2.69,3.98,9.56,26458.0,25760113.0,21619938.0
2610,華航,0.51,0.57,15.03,8820.0,17745670.0,16009087.0
2611,志信,1.14,0.37,6.41,355.0,57277.0,55430.0
2612,中航,0.65,0.93,20.76,110.0,409008.0,381290.0
2613,中櫃,0.15,0.34,27.59,1066.0,297474.0,279070.0
2614,東森,0.02,0.42,1177.0,449100.0,459592.0,
2615,萬海,1.65,4.12,16.56,18648.0,19405801.0,14965985.0
2616,山隆,0,0,258.75,147.0,711679.0,668022.0
2617,台航,0.81,0.58,6.9,379.0,395027.0,359030.0
2618,長榮航,0.87,1.44,8.58,19597.0,19926957.0,17357692.0
2630,亞航,0.18,0.2,43.33,427.0,466353.0,524120.0
2633,台灣高鐵,0.37,0.29,21.09,1929.0,4549657.0,4456901.0
2634,漢翔,0.85,0.61,18.65,2685.0,3179044.0,2552613.0
2636,台驊控股,1.88,2.84,8.82,299.0,2615636.0,2341102.0
2637,慧洋-KY,1.99,2.3,10.72,2764.0,1861538.0,1772075.0
2642,宅配通,0.16,0.13,42.35,11.0,349999.0,335803.0
2645,長榮航太,1.36,1.34,18.67,411.0,1400953.0,1307973.0
2701,萬企,0.06,0.18,21.27,296.0,27742.0,19523.0
2702,華園,0.29,0.23,24.44,141.0,119772.0,122970.0
2704,國賓,4.29,-0.02,16.42,113.0,104627.0,129632.0
2705,六福,0,-0.26,183.0,255898.0,168201.0,
2706,第一店,0.05,0.21,23.13,164.0,29027.0,28903.0
2707,晶華,3.33,2.32,18.03,85.0,482387.0,521415.0
2712,遠雄來,-0.09,-0.71,0.0,37558.0,34258.0,
2722,夏都,0.21,0,81.2,86.0,70367.0,46968.0
2723,美食-KY,0.89,0.43,32.99,191.0,1630076.0,1618674.0
2727,王品,3.77,4.24,14.91,376.0,2119687.0,1783234.0
2731,雄獅,3.49,3.15,7.43,1075.0,2562417.0,2632574.0
2739,寒舍,1.82,3.85,7.3,934.0,378524.0,396536.0
2748,雲品,1.35,0.33,18.73,449.0,162292.0,187066.0
2753,八方雲集,2.36,2.1,18.25,52.0,690783.0,671862.0
2762,世界健身-KY,0.86,1.21,29.78,241.0,827911.0,819936.0
2801,彰銀,0.35,0.32,14.31,14242.0,3845534.0,3482721.0
2809,京城銀,1.82,1.09,8.37,2402.0,495723.0,816141.0
2812,台中銀,0.4,0.4,11.75,3497.0,1665890.0,1473000.0
2816,旺旺保,1.81,1.32,6.55,145.0,869629.0,854790.0
2820,華票,0.32,0.18,16.74,788.0,252811.0,172286.0
2832,台產,1.11,0.81,8.98,142.0,579793.0,615067.0
2834,臺企銀,0.35,0.41,12.25,9214.0,3061150.0,3238422.0
2836,高雄銀,0.12,0.15,24.69,844.0,383798.0,366876.0
2838,聯邦銀,0.35,0.23,13.28,1254.0,1788622.0,1581608.0
2845,遠東銀,0.31,0.29,12.01,9214.0,1097242.0,964237.0
2849,安泰銀,0.16,0.18,17.27,89.0,479162.0,516176.0
2850,新產,2.78,2.56,9.03,363.0,1714006.0,1759652.0
2851,中再保,1.34,1,7.86,1142.0,1326956.0,1867888.0
2852,第一保,0.85,0.91,7.84,147.0,633606.0,595431.0
2855,統一證,1.19,0.92,8.97,4155.0,906108.0,691391.0
2867,三商壽,0.6,0.64,25.29,7890.0,7051492.0,8969138.0
2880,華南金,0.41,0.41,15.85,9467.0,5563904.0,5428595.0
2881,富邦金,2.34,3.63,13.07,10553.0,3720176.0,22774883.0
2882,國泰金,2.6,2.06,12.44,17450.0,21592841.0,19530721.0
2883,凱基金,0.49,0.49,12.25,27421.0,-2258624.0,10037434.0
2884,玉山金,0.4,0.4,18.55,14072.0,7721624.0,6863663.0
2885,元大金,0.73,0.63,14.42,11183.0,8405532.0,9380551.0
2886,兆豐金,0.8,0.6,16.28,12134.0,6777581.0,6705139.0
2887,台新金,0.36,0.39,14.54,30888.0,8825025.0,7110453.0
2888,新光金,0.2,1.12,9.23,56105.0,-8232218.0,54748.0
2889,國票金,0.18,0.17,25.0,4887.0,611686.0,566190.0
2890,永豐金,0.56,0.43,13.36,15343.0,5499468.0,5314128.0
2891,中信金,1.07,0.78,11.44,28257.0,11506752.0,16301304.0
2892,第一金,0.52,0.48,16.27,10615.0,6912328.0,5578878.0
2897,王道銀行,0.35,0.2,11.49,3001.0,786382.0,780879.0
2901,欣欣,0.12,0.09,61.56,1.0,11834.0,10926.0
2903,遠百,0.41,0.38,16.02,2153.0,2604003.0,2575431.0
2904,匯僑,0.33,0.34,20.85,65.0,41328.0,43468.0
2905,三商,1.27,1.24,17.89,604.0,-1899845.0,10777230.0
2906,高林,0.07,0.13,29.84,158.0,860048.0,549761.0
2908,特力,0.26,0.2,39.8,519.0,2787527.0,3085499.0
2910,統領,0.29,0.32,21.02,18.0,39474.0,47654.0
2911,麗嬰房,-0.47,-0.99,300.0,197267.0,208783.0,
2912,統一超,2.83,3.23,26.62,1695.0,29562929.0,28721242.0
2913,農林,-0.06,-0.06,1683.0,43067.0,39871.0,
2915,潤泰全,4.28,3.64,7.17,1383.0,242795.0,224828.0
2923,鼎固-KY,0.37,-0.25,76.05,92.0,635029.0,332798.0
2929,淘帝-KY,-0.09,-0.2,2709.0,172856.0,157477.0,
2939,永邑-KY,0.54,-2.08,50.0,22674.0,23735.0,
2945,三商家購,0.43,0.4,21.59,8.0,1262679.0,1238277.0
3002,歐格,-0.01,0.08,68.86,164.0,46563.0,40163.0
3003,健和興,0.94,1.19,20.89,877.0,402077.0,380260.0
3004,豐達科,1.92,1.73,13.22,58.0,278993.0,284080.0
3005,神基,1.81,1.89,16.26,1514.0,2983796.0,3099271.0
3006,晶豪科,-0.21,0.88,983.0,1146843.0,1234788.0,
3008,大立光,45.79,33.7,14.88,296.0,7018386.0,6523997.0
3010,華立,1.8,2.29,15.02,1290.0,7307818.0,6816781.0
3011,今皓,-0.3,-0.37,8662.0,123070.0,111747.0,
3013,晟銘電,0.39,0.97,78.74,35026.0,800083.0,825693.0
3014,聯陽,2.45,2.51,14.18,1282.0,658227.0,638504.0
3015,全漢,0.61,0.44,19.39,2863.0,1108854.0,1043734.0
3016,嘉晶,0.14,0.52,63.13,405.0,352334.0,350941.0
3017,奇鋐,4.08,5.08,39.62,5319.0,6582321.0,6351281.0
3018,隆銘綠能,-1.59,0.15,37.0,90704.0,88251.0,
3019,亞光,0.4,1.59,28.98,3273.0,2417407.0,2185365.0
3021,鴻名,0.33,0.37,26.92,2641.0,376542.0,311511.0
3022,威強電,2.67,1.43,10.05,257.0,667651.0,578569.0
3023,信邦,3.9,3.95,21.01,2548.0,2811520.0,2858220.0
3024,憶聲,0.08,0.1,46.28,445.0,133418.0,100591.0
3025,星通,0.63,0.61,23.11,3396.0,77764.0,89129.0
3026,禾伸堂,1.31,1.38,21.56,115.0,1096143.0,1108042.0
3027,盛達,0.3,-0.18,56.11,327.0,209228.0,161301.0
3028,增你強,0.34,0.43,18.28,108.0,3223882.0,3317649.0
3029,零壹,1.29,1.26,20.65,1358.0,1709911.0,1794847.0
3030,德律,1.93,1.97,23.12,1088.0,529815.0,557973.0
3031,佰鴻,0.19,0.33,20.58,2903.0,87375.0,88028.0
3032,偉訓,1.4,1.92,10.83,361.0,560048.0,589212.0
3033,威健,0.39,0.84,16.05,5616.0,7518217.0,9146303.0
3034,聯詠,8.04,8.86,14.53,1617.0,9680155.0,8918212.0
3035,智原,1.13,1,58.05,1969.0,979666.0,942900.0
3036,文曄,1.57,1.7,23.71,2253.0,81540021.0,84514548.0
3037,欣興,1.6,1.05,26.16,67602.0,10823395.0,10837646.0
3038,全台,0.79,0.57,9.34,537.0,298944.0,274727.0
3040,遠見,0.16,0.21,44.71,117.0,13219.0,13180.0
3041,揚智,-0.7,-0.27,1319.0,149410.0,140122.0,
3042,晶技,1.73,1.67,17.52,10738.0,1204936.0,1299860.0
3043,科風,0.37,-0.1,34.0,91410.0,68117.0,
3044,健鼎,3.5,3.78,13.34,1309.0,5939823.0,5859996.0
3045,台灣大,0.98,1.07,27.08,7237.0,15817811.0,15913075.0
3046,建碁,0.98,1.01,16.18,102.0,802890.0,564454.0
3047,訊舟,-0.29,0.4,3246.0,745373.0,613460.0,
3048,益登,0.28,-0.05,95.35,1766.0,10007928.0,11284894.0
3049,精金,-0.29,-0.24,14753.0,151652.0,146176.0,
3050,鈺德,0.42,0.06,32.02,623.0,112198.0,112195.0
3051,力特,0.59,0.34,17.05,3196.0,162030.0,175256.0
3052,夆典,0.28,0.22,12.24,163.0,195513.0,190956.0
3054,立萬利,-0.11,0.04,25.0,7396.0,10983.0,
3055,蔚華科,-0.9,-0.09,19460.0,39366.0,82493.0,
3056,富華新,-0.14,-0.06,318.0,755.0,56841.0,46091.0
3057,喬鼎,-0.07,-0.35,150.0,40815.0,55605.0,
3058,立德,-0.64,-0.44,475.0,253446.0,261239.0,
3059,華晶科,0.28,0.28,27.84,712.0,618817.0,644493.0
3060,銘異,0.11,0.24,1969.0,308271.0,325945.0,
3062,建漢,0,0.06,7827.0,346262.0,281223.0,
3090,日電貿,1.24,1.06,15.45,196.0,1124896.0,1062826.0
3092,鴻碩,-0.09,-0.37,92.0,176132.0,157562.0,
3094,聯傑,0.02,0.04,130.4,318.0,11549.0,14524.0
3130,一零四,2.72,4.49,15.92,20.0,220797.0,214498.0
3138,耀登,0.33,0.86,33.92,194.0,151091.0,158081.0
3149,正達,-0.05,-0.28,11441.0,206819.0,229111.0,
3164,景岳,0.4,0.17,27.13,71.0,29379.0,25123.0
3167,大量,-0.19,0.31,306.25,17545.0,226345.0,276382.0
3168,眾福科,0.69,0.88,17.34,82.0,287825.0,326163.0
3189,景碩,0.05,0.2,400.0,19926.0,2858462.0,2646537.0
3209,全科,0.51,0.82,14.43,4989.0,5228233.0,3031863.0
3229,晟鈦,0.04,0.26,157.86,50.0,75927.0,65115.0
3231,緯創,1.24,1.55,20.32,21489.0,89820629.0,96903570.0
3257,虹冠電,0.78,0.8,21.66,2150.0,71027.0,70016.0
3266,昇陽,0.44,-0.12,8.61,224.0,43901.0,432539.0
3296,勝德,0.04,0.01,933.33,1793.0,137318.0,127565.0
3305,昇貿,0.81,0.84,29.54,761.0,775948.0,764281.0
3308,聯德,0.13,0.05,227.0,481.0,528.0,
3311,閎暉,0.34,0.4,22.86,22.0,214164.0,224747.0
3312,弘憶股,0.58,0.74,25.99,1983.0,1634558.0,1544313.0
3321,同泰,-0.49,-0.4,154.0,175658.0,165969.0,
3338,泰碩,0.77,0.85,20.68,378.0,312635.0,294746.0
3346,麗清,0.26,0.72,13.73,226.0,796090.0,861323.0
3356,奇偶,2.59,2.28,11.33,1642.0,79456.0,89317.0
3376,新日興,1.68,2.18,29.89,2510.0,1252441.0,1214558.0
3380,明泰,0.12,0.49,41.98,1445.0,1505533.0,1909565.0
3406,玉晶光,9.65,8.87,10.93,1049.0,2640943.0,2586457.0
3413,京鼎,5.52,6.75,16.05,2614.0,1613387.0,1616439.0
3416,融程電,1.7,1.7,21.1,69.0,293002.0,206362.0
3419,譁裕,-0.28,-0.16,307.0,97021.0,123960.0,
3432,台端,-0.13,-0.17,37.0,6649.0,3987.0,
3437,榮創,-0.3,-0.09,1012.0,196230.0,135096.0,
3443,創意,4.94,6.78,51.91,2041.0,1944750.0,1763514.0
3447,展達,-0.35,-0.2,9556.0,259414.0,317504.0,
3450,聯鈞,0.31,0.47,389.52,39330.0,658197.0,797761.0
3454,晶睿,0.02,0.3,41.11,101.0,665824.0,655568.0
3481,群創,-0.45,0.12,115545.0,18480104.0,19121611.0,
3494,誠研,-0.35,-0.06,116.0,91272.0,93082.0,
3501,維熹,1.6,1.55,11.53,374.0,550862.0,449321.0
3504,揚明光,-2.01,-0.51,613.0,213455.0,236830.0,
3515,華擎,2.53,2.17,20.95,776.0,2230561.0,2042426.0
3518,柏騰,-0.57,-0.55,1057.0,29288.0,27063.0,
3528,安馳,0.86,1.59,17.61,125.0,464139.0,450025.0
3530,晶相光,-0.18,-0.09,290.0,185148.0,208190.0,
3532,台勝科,0.99,0.89,21.61,3389.0,1007680.0,1021364.0
3533,嘉澤,18.57,20,25.12,1140.0,2723904.0,2777008.0
3535,晶彩科,-0.13,1.38,49.3,33756.0,39441.0,2078.0
3543,州巧,-0.23,-0.08,51.22,96.0,274945.0,262441.0
3545,敦泰,0.54,0.51,44.8,699.0,1181938.0,1420436.0
3550,聯穎,-0.19,-0.05,6884.0,278129.0,273887.0,
3557,嘉威,3.62,1,10.6,165.0,456024.0,343772.0
3563,牧德,0.5,1.52,96.55,214.0,106532.0,128915.0
3576,聯合再生,-0.17,-0.52,2665.0,462520.0,427365.0,
3583,辛耘,2.61,2.82,48.31,4616.0,880282.0,866210.0
3588,通嘉,0.18,0.75,46.11,3978.0,149374.0,140750.0
3591,艾笛森,0.19,0.32,41.14,2165.0,226249.0,231507.0
3592,瑞鼎,7.28,7.8,13.82,248.0,2034277.0,2097378.0
3593,力銘,-0.15,-0.13,118.0,72090.0,78313.0,
3596,智易,2.82,2.66,13.61,1135.0,4016365.0,4060581.0
3605,宏致,0.02,0.5,768.75,5484.0,882091.0,925757.0
3607,谷崧,-0.39,0.29,155.36,792.0,288114.0,270302.0
3617,碩天,5.49,6.77,14.7,597.0,1327602.0,931443.0
3622,洋華,1.07,0.94,13.53,1065.0,214586.0,127930.0
3645,達邁,0.22,0.91,47.0,1213.0,207295.0,192529.0
3652,精聯,0.16,0.43,51.19,644.0,194490.0,208713.0
3653,健策,5.06,6.02,78.18,602.0,1202840.0,1204437.0
3661,世芯-KY,15.83,20.05,33.79,1608.0,4669028.0,5301492.0
3665,貿聯-KY,3.56,6.13,29.12,2241.0,4558801.0,4589632.0
3669,圓展,0.2,0.91,20.77,61.0,243420.0,215314.0
3673,TPK-KY,0.29,0.87,32.24,5042.0,6791232.0,5660416.0
3679,新至陞,4.33,2.84,12.93,24.0,378908.0,376811.0
3686,達能,0.01,-0.03,239.0,4192.0,5353.0,
3694,海華,0.37,0.83,18.04,670.0,831656.0,837574.0
3701,大眾控,0.21,0.09,40.16,167.0,1110730.0,1079979.0
3702,大聯大,1.16,0.73,16.95,3686.0,84847757.0,105674770.0
3703,欣陸,0.12,0.79,13.87,1247.0,2550226.0,2566797.0
3704,合勤控,0.11,0.32,19.44,5354.0,1872510.0,2238479.0
3705,永信,1,1.25,14.48,283.0,747723.0,612214.0
3706,神達,0.57,0.92,20.89,3129.0,5076771.0,5265408.0
3708,上緯投控,0.77,0.76,16.97,590.0,805757.0,661836.0
3711,日月光投控,1.32,1.8,22.4,11619.0,52929761.0,55579391.0
3712,永崴投控,0.75,1.02,12.98,705.0,1960636.0,1762220.0
3714,富采,-0.62,-0.41,2490.0,2360264.0,2038647.0,
3715,定穎投控,1.02,1.23,16.27,11526.0,1620419.0,1589090.0
3716,中化控股,130.0,,,,,
4104,佳醫,1.19,1.42,17.56,63.0,669182.0,741238.0
4106,雃博,0.4,0.21,22.84,30.0,180647.0,168150.0
4108,懷特,-0.14,-0.08,114.0,10474.0,15687.0,
4119,旭富,0.37,0.52,76.98,54.0,150442.0,132340.0
4133,亞諾法,0.44,0.3,27.39,68.0,33086.0,27464.0
4137,麗豐-KY,0.91,2.68,15.86,222.0,329466.0,374340.0
4142,國光生,-0.44,-0.65,476.0,186131.0,340997.0,
4148      ,全宇生技-KY,,,,,,
4155,訊映,0.25,0.29,74.39,235.0,131976.0,178073.0
4164,承業醫,0.01,0.17,27.18,419.0,256536.0,483895.0
4190,佐登-KY,-1.52,-1.14,143.0,200286.0,171271.0,
4306,炎洲,0.3,0.72,10.9,1446.0,1445593.0,1291101.0
4414,如興,-0.18,-0.09,238.0,1469693.0,1271156.0,
4426,利勤,0,-0.33,122.0,88843.0,67684.0,
4438,廣越,-1.12,2.07,17.19,77.0,2346703.0,2017626.0
4439,冠星-KY,1.7,1.13,19.61,5.0,434234.0,413392.0
4440,宜新實業,0.51,0.49,19.46,104.0,96189.0,104341.0
4526,東台,-0.41,-0.56,19784.0,448433.0,455984.0,
4532,瑞智,0.5,0.65,14.84,1562.0,1574888.0,1565303.0
4536,拓凱,4.3,4.33,14.41,246.0,862435.0,871566.0
4540,全球傳動,-1.71,-0.93,5134.0,172148.0,172404.0,
4545,銘鈺,0.6,1.05,27.85,8048.0,221990.0,210677.0
4551,智伸科,1.5,1.48,27.54,139.0,726184.0,729219.0
4552,力達-KY,0.25,0.41,10.77,302.0,335262.0,321647.0
4555,氣立,-0.06,0.12,547.0,128041.0,132029.0,
4557,永新-KY,1.72,2.65,14.5,286.0,361445.0,372506.0
4560,強信-KY,0.25,0.52,27.8,79.0,136860.0,142028.0
4562,穎漢,-0.18,-0.06,3190.0,69444.0,76153.0,
4564,元翎,-0.53,-0.47,348.0,98085.0,71381.0,
4566,時碩工業,1.47,1.15,26.55,3910.0,440232.0,411492.0
4569,六方科-KY,2.96,2.09,40.27,2056.0,145745.0,119101.0
4571,鈞興-KY,2.23,2.69,22.99,740.0,265332.0,215533.0
4572,駐龍,2.14,1.86,21.74,58.0,77558.0,72489.0
4576,大銀微系統,-0.19,0.22,783.33,2918.0,207215.0,216868.0
4581,光隆精密-KY,1.22,1.32,10.31,15.0,88536.0,93235.0
4583,台灣精銳,4.59,3.61,62.09,1139.0,265601.0,223820.0
4588,玖鼎電力,0.62,1.29,24.18,137.0,74729.0,79337.0
4720,德淵,0.51,0.32,14.17,1262.0,305858.0,304287.0
4722,國精化,0.59,0.68,18.55,907.0,397247.0,318145.0
4736,泰博,4.24,2.81,13.77,93.0,375978.0,441740.0
4737,華廣,-0.08,-0.59,132.0,166956.0,162080.0,
4739,康普,0.45,0.48,115.6,133.0,299970.0,326116.0
4746,台耀,-0.8,2.36,42.96,621.0,338086.0,365234.0
4755,三福化,1.1,1.1,27.34,1892.0,454210.0,351865.0
4763,材料-KY,24.48,20.41,10.2,1341.0,1466900.0,1501614.0
4764,雙鍵,-0.3,-0.14,12.0,223704.0,270644.0,
4766,南寶,5.86,5.58,13.52,315.0,2021020.0,1976467.0
4770,上品,6.14,5.01,15.9,293.0,547198.0,610962.0
4771,望隼,3.42,3,17.71,72.0,250319.0,259008.0
4807,日成-KY,-0.72,-0.66,284.0,186903.0,201814.0,
4904,遠傳,0.81,0.86,27.38,4597.0,7723411.0,9121101.0
4906,正文,0.18,0.74,25.27,1655.0,2114991.0,1640092.0
4912,聯德控股-KY,0.85,2.04,15.31,128.0,485280.0,507825.0
4915,致伸,1.28,1.6,16.85,1631.0,5622020.0,5367441.0
4916,事欣科,0,-0.92,3729.0,328655.0,264983.0,
4919,新唐,0.97,-0.05,21.21,1574.0,2619553.0,2708378.0
4927,泰鼎-KY,-1.5,-1.79,1348.0,1100954.0,987417.0,
4930,燦星網,0.5,0.74,8.51,65.0,886173.0,862377.0
4934,太極,-0.29,-0.12,461.0,16071.0,12139.0,
4935,茂林-KY,1,1.27,19.79,1819.0,700887.0,590175.0
4938,和碩,1.22,2.1,15.32,4458.0,88437775.0,109264099.0
4942,嘉彰,1.13,1.4,9.44,281.0,485650.0,434674.0
4943,康控-KY,0.25,-0.74,36.0,125992.0,138737.0,
4949,有成精密,-0.7,-1.05,100.0,170572.0,224764.0,
4952,凌通,0.56,1.09,23.84,152.0,220070.0,181349.0
4956,光鋐,-0.13,0.02,4445.0,110387.0,124338.0,
4958,臻鼎-KY,1.03,0.51,15.21,3382.0,17813950.0,19336751.0
4960,誠美材,0.01,-0.01,1259.0,803448.0,714922.0,
4961,天鈺,3.17,4.91,15.95,2390.0,1801573.0,1782935.0
4967,十銓,4.1,1.85,10.1,1195.0,2114283.0,1185953.0
4968,立積,0.31,0.84,679.63,986.0,300012.0,308708.0
4976,佳凌,0.05,0.07,285.0,112816.0,93126.0,
4977,眾達-KY,0.15,-0.02,408.93,3063.0,138002.0,138034.0
4989,榮科,-0.15,-0.05,133.0,247450.0,231769.0,
4994,傳奇,2.05,0.47,30.33,12.0,117332.0,142812.0
4999,鑫禾,0.25,0.45,80.33,261.0,161675.0,180477.0
5007,三星,0.99,1.05,14.7,23.0,614475.0,552692.0
5203,訊連,1.26,1.08,25.54,117.0,163911.0,186934.0
5215,科嘉-KY,0.49,1.44,15.79,58.0,234258.0,234577.0
5222,全訊,0.96,1.58,23.65,149.0,118471.0,102782.0
5225,東科-KY,2.52,3.55,11.73,488.0,1344619.0,1327463.0
5234,達興材料,1.11,1.4,44.69,3488.0,351288.0,356441.0
5243,乙盛-KY,0.6,0.81,23.47,1475.0,1154835.0,1101101.0
5244,弘凱,0.57,0.5,17.0,14.0,78320.0,84150.0
5258,虹堡,1.75,1.46,15.8,843.0,593504.0,802323.0
5269,祥碩,12.8,13.18,40.98,1092.0,803864.0,527603.0
5283,禾聯碩,-0.46,2.76,18.23,24.0,594731.0,504099.0
5284,jpp-KY,-1.26,0.23,73.4,4841.0,208511.0,207514.0
5285,界霖,0.55,1.06,28.25,60.0,440171.0,465056.0
5288,豐祥-KY,3.91,4.46,13.28,54.0,617222.0,430057.0
5292,華懋,2.45,2.26,17.96,179.0,166893.0,204206.0
5306,桂盟,1.21,2.08,25.23,62.0,453772.0,442098.0
5388,中磊,2.35,1.84,13.08,1211.0,4131359.0,4217710.0
5434,崇越,4.11,5.41,17.97,699.0,5304489.0,5314010.0
5469,瀚宇博,0.99,1.76,10.69,3333.0,4006952.0,3833666.0
5471,松翰,0.28,0.44,33.76,172.0,235529.0,221416.0
5484,慧友,-0.21,-0.05,488.0,41877.0,22572.0,
5515,建國,0.86,0.44,11.9,581.0,454878.0,514265.0
5519,隆大,1.22,0.48,8.71,1362.0,216806.0,116115.0
5521,工信,-0.2,0.01,5284.0,709330.0,755194.0,
5522,遠雄,0.56,1.33,13.45,1401.0,2887200.0,2776267.0
5525,順天,-0.13,0.96,9.83,48.0,197501.0,194254.0
5531,鄉林,-0.31,-0.44,399.0,84268.0,917553.0,
5533,皇鼎,0.15,0.11,15.75,161.0,415248.0,469004.0
5534,長虹,0.3,1.28,12.86,1352.0,557431.0,1579669.0
5538,東明-KY,0.58,1.05,20.16,28.0,1124095.0,1137063.0
5546,永固-KY,0.15,0.04,18.0,167835.0,181267.0,
5607,遠雄港,0.46,0.43,19.68,360.0,308148.0,289341.0
5608,四維航,-0.55,0.06,628.0,310350.0,311927.0,
5706,鳳凰,1.04,0.76,17.25,548.0,251972.0,261443.0
5871,中租-KY,3.6,3.55,11.42,3678.0,8783567.0,8553950.0
5876,上海商銀,0.89,0.31,18.0,8156.0,4122056.0,3517947.0
5880,合庫金,0.36,0.32,21.28,7939.0,6075946.0,5456841.0
5906,台南-KY,0.73,0.22,28.28,9.0,145857.0,120405.0
5907,大洋-KY,-0.69,-0.19,9482.0,251795.0,232464.0,
6005,群益證,0.62,0.58,10.96,4377.0,1568931.0,1417117.0
6024,群益期,1.27,1.63,10.62,144.0,303047.0,230428.0
6108,競國,-0.05,0,58.75,481.0,437950.0,399813.0
6112,邁達特,1.02,0,23.17,547.0,1449966.0,1388959.0
6115,鎰勝,0.87,0.94,15.92,37.0,645089.0,601207.0
6116,彩晶,-0.46,-0.35,7421.0,625022.0,983993.0,
6117,迎廣,1.15,1.03,29.5,1283.0,227261.0,256852.0
6120,達運,-0.13,0,41.0,7955.0,2152199.0,1655913.0
6128,上福,0.88,0.74,11.07,48.0,400024.0,486426.0
6133,金橋,0.04,0.33,54.27,2685.0,112878.0,95656.0
6136,富爾特,0.03,-0.01,24.89,173.0,40889.0,33245.0
6139,亞翔,4.1,4.61,13.31,2062.0,3939944.0,5610726.0
6141,柏承,-2.45,-1.93,70.0,147488.0,180225.0,
6142,友勁,-0.21,0.05,1546.0,103806.0,139121.0,
6152,百一,-0.22,0.25,161.0,2748.0,282430.0,136410.0
6153,嘉聯益,-0.96,-0.62,773.0,646478.0,675817.0,
6155,鈞寶,0.31,0.31,33.92,531.0,56544.0,55793.0
6164,華興,0.14,0.18,64.13,0.0,56179.0,57709.0
6165,浪凡,0.17,0.2,51.49,2712.0,216757.0,232381.0
6166,凌華,-0.35,-0.41,1190.0,265.0,761783.0,822542.0
6168,宏齊,0.02,0.01,92.41,3691.0,170074.0,169872.0
6176,瑞儀,4.18,3.87,16.28,1643.0,4755093.0,4677603.0
6177,達麗,0.04,0.81,7.75,1966.0,148789.0,162846.0
6183,關貿,0.73,0.86,25.54,20.0,196445.0,254342.0
6184,大豐電,0.84,0.85,15.59,63.0,177361.0,175511.0
6189,豐藝,2.27,1.77,14.19,5976.0,2868868.0,2930003.0
6191,精成科,1.24,1.82,8.45,3303.0,1946010.0,1888438.0
6192,巨路,2.62,2.41,12.58,206.0,693077.0,596573.0
6196,帆宣,2.42,1.84,18.38,313.0,5418506.0,5283017.0
6197,佳必琪,1.94,2.65,24.12,24711.0,648523.0,591695.0
6201,亞弘電,0.68,1.31,12.0,20.0,311406.0,285978.0
6202,盛群,-0.2,-0.15,4353.0,218622.0,235964.0,
6205,詮欣,0.61,0.99,29.57,151.0,96364.0,116974.0
6206,飛捷,1.56,1.86,16.26,187.0,367482.0,353472.0
6209,今國光,-0.11,-0.06,220.0,179574.0,182628.0,
6213,聯茂,0.42,0.55,30.2,12533.0,2487284.0,2749315.0
6214,精誠,2.63,1.87,18.74,472.0,2653204.0,3389132.0
6215,和椿,0.36,0.65,53.78,2249.0,185257.0,156770.0
6216,居易,0.73,1.07,19.83,827.0,127345.0,106524.0
6224,聚鼎,0.31,0.45,50.67,797.0,277948.0,331719.0
6225,天瀚,0.05,-0.01,43.75,0.0,5358.0,6138.0
6226,光鼎,-0.07,-0.11,243.0,50390.0,54061.0,
6230,尼得科超眾,0.53,0.28,59.92,69.0,718586.0,752767.0
6235,華孚,1.05,1.04,16.87,921.0,468074.0,419239.0
6239,力成,2.32,2.45,11.25,2955.0,6326365.0,5706214.0
6243,迅杰,0.55,0.29,41.55,398.0,62481.0,63616.0
6257,矽格,1.62,1.62,14.93,3029.0,1510771.0,1583058.0
6269,台郡,0.06,0.25,16.65,1787.0,2109470.0,1975551.0
6271,同欣電,1.74,2.11,18.68,395.0,1044231.0,978551.0
6277,宏正,0.93,0.88,19.73,68.0,405402.0,445707.0
6278,台表科,2.33,2.94,10.83,4730.0,3702103.0,3564916.0
6281,全國電,1.14,1.44,18.26,26.0,1841988.0,1521664.0
6282,康舒,-0.1,0.16,568.33,1965.0,2771464.0,3195689.0
6283,淳安,-0.12,-0.06,220.0,109673.0,127701.0,
6285,啟碁,1.58,2.45,13.47,1862.0,8887551.0,8372199.0
6288,聯嘉,0.24,0.13,78.47,1082.0,463982.0,500768.0
6405,悅城,-0.09,-0.16,54322.0,6722.0,6959.0,
6409,旭隼,8.17,14.7,52.22,72.0,2529635.0,1967547.0
6412,群電,1.7,2.28,14.6,325.0,3532378.0,3620401.0
6414,樺漢,4.67,3.7,18.06,872.0,13068467.0,12893813.0
6415,矽力*-KY,0.2,1.46,163.33,3185.0,1626587.0,1632854.0
6416,瑞祺電通,0.9,1.3,40.64,284.0,355111.0,432664.0
6426,統新,-0.84,-0.83,296.0,20423.0,25731.0,
6431,光麗-KY,-0.62,-0.62,59.0,46057.0,34806.0,
6438,迅得,1.95,1.16,31.94,4128.0,413016.0,473940.0
6442,光聖,1.72,3.27,81.17,11490.0,533264.0,561522.0
6443,元晶,0.04,0.06,43.82,1811.0,408683.0,408906.0
6446,藥華藥,1,2.09,159.9,876.0,901338.0,932418.0
6449,鈺邦,1.59,1.21,32.63,1357.0,306453.0,326002.0
6451,訊芯-KY,-0.81,0.84,88.6,5272.0,452821.0,469995.0
6456,GIS-KY,0.15,-0.2,2441.0,6320888.0,6591483.0,
6464,台數科,1.8,1.96,13.65,16.0,362157.0,365552.0
6472,保瑞,7.07,11.61,23.36,945.0,1870103.0,2023925.0
6477,安集,-0.3,0.15,221.0,102913.0,95152.0,
6491,晶碩,6.54,6.09,16.3,526.0,568259.0,577757.0
6504,南六,0.98,-0.09,55.12,49.0,559336.0,622976.0
6505,台塑化,0.53,0.28,17.67,3542.0,59629087.0,53324540.0
6515,穎崴,5.81,6.52,74.81,1630.0,625010.0,711340.0
6525,捷敏-KY,1.21,1.26,17.57,2055.0,395330.0,395416.0
6526,達發,2.46,4.78,61.48,467.0,1889125.0,1854172.0
6531,愛普*,2.27,2.28,31.58,1162.0,511445.0,417130.0
6533,晶心科,-1,-1.54,205.0,79221.0,233249.0,
6541,泰福-KY,-3.12,-2.31,117.0,1379.0,2113.0,
6550,北極星藥業-KY,-0.53,-0.74,359.0,3776.0,3214.0,
6552,易華電,0.27,0.81,49.26,835.0,163860.0,142201.0
6558,興能高,0.02,0.04,156.07,147.0,113334.0,110384.0
6573,虹揚-KY,-0.6,-0.73,351.0,74362.0,62634.0,
6579,研揚,3.61,1.97,23.4,67.0,545879.0,595341.0
6581,鋼聯,1.17,2.55,20.17,135.0,175113.0,224052.0
6582,申豐,-0.23,0.37,57.0,207846.0,197884.0,
6585,鼎基,2.72,3.21,15.04,178.0,276839.0,243316.0
6591,動力-KY,0.71,0.51,16.9,253.0,120609.0,142227.0
6592,和潤企業,0.98,1.64,16.53,541.0,2453253.0,2124058.0
6598,ABC-KY,-0.77,-0.61,111.0,16489.0,18562.0,
6605,帝寶,5.34,4.9,13.47,1049.0,1706796.0,1673742.0
6606,建德工業,0.21,0.36,25.93,632.0,51846.0,58037.0
6625,必應,1.02,1.31,12.83,267.0,269025.0,514199.0
6641,基士德-KY,0.6,0.55,16.47,1.0,145300.0,188391.0
6655,科定,0.98,1.45,30.37,13.0,234592.0,210765.0
6657,華安,-0.56,-0.64,45.0,1050.0,455.0,
6658,聯策,0.02,0.47,95.05,15501.0,105800.0,110324.0
6666,羅麗芬-KY,0.3,0.97,39.58,36.0,101133.0,108839.0
6668,中揚光,-0.46,-0.68,507.0,100814.0,91672.0,
6669,緯穎,26.92,26.85,22.8,1614.0,32192450.0,34504530.0
6670,復盛應用,7.01,5.57,13.94,207.0,2581090.0,2333930.0
6671,三能-KY,0.67,0.85,14.25,13.0,144549.0,186894.0
6672,騰輝電子-KY,1.25,1.89,11.67,228.0,318294.0,334830.0
6674,鋐寶科技,-0.61,-0.34,9.0,105547.0,89046.0,
6689,伊雲谷,0.41,0.46,38.11,258.0,1116647.0,1079999.0
6691,洋基工程,4.13,4.33,16.3,931.0,1109980.0,1563772.0
6695,芯鼎,-0.23,-0.4,1218.0,92410.0,93510.0,
6698,旭暉應材,-0.29,-0.38,1178.0,68839.0,64797.0,
6706,惠特,-0.98,-1.67,6416.0,65675.0,84880.0,
6715,嘉基,1.66,1.49,30.37,304.0,190378.0,189538.0
6719,力智,1.41,1.07,102.79,251.0,333221.0,337358.0
6742,澤米,0.02,0.12,912.22,2871.0,58415.0,60729.0
6743,安普新,-0.26,0.72,102.26,566.0,962529.0,654830.0
6753,龍德造船,2.37,2.01,16.11,643.0,399582.0,345462.0
6754,匯僑設計,0.9,2.43,10.5,53.0,469820.0,451836.0
6756,威鋒電子,0.73,0.75,63.6,82.0,149810.0,141317.0
6768,志強-KY,1.73,2.29,21.36,709.0,1587600.0,1299184.0
6770,力積電,-0.11,-0.47,25509.0,3947164.0,3900201.0,
6776,展碁國際,1.07,1.02,11.85,47.0,2059419.0,2368325.0
6781,AES-KY,5.41,5.22,25.55,95.0,773335.0,862092.0
6782,視陽,2.7,2.29,27.09,426.0,391347.0,309984.0
6789,采鈺,0.57,1.34,135.81,590.0,,
6790,永豐實,0.93,0.71,12.12,90.0,,
6792,詠業,0.54,0.47,20.63,12.0,,
6796,晉弘,,,,,,
6799,來頡,,,,,,
6805,富世達,,,,,,
6806,森崴能源,,,,,,
6807,峰源-KY,,,,,,
6830,汎銓,,,,,,
6834,天二科技,,,,,,
6835,圓裕,,,,,,
6838,台新藥,,,,,,
6861,睿生光電,,,,,,
6862,三集瑞-KY,,,,,,
6863,永道-KY,,,,,,
6869,雲豹能源,,,,,,
6873,泓德能源,,,,,,
6890,來億-KY,,,,,,
6901,鑽石投資,,,,,,
6906,現觀科,,,,,,
6914,阜爾運通,,,,,,
6916,華凌,,,,,,
6919,康霈*,,,,,,
6923,中台,,,,,,
6928,攸泰科技,,,,,,
6933,AMAX-KY,,,,,,
6937,天虹,,,,,,
6952,大武山,,,,,,
6957,裕慶-KY,,,,,,
6958,日盛台駿,,,,,,
8011,台通,,,,,,
8016,矽創,,,,,,
8021,尖點,,,,,,
8028,昇陽半導體,,,,,,
8033,雷虎,,,,,,
8039,台虹,,,,,,
8046,南電,,,,,,
8070,長華*,,,,,,
8072,陞泰,,,,,,
8081,致新,,,,,,
8101,華冠,,,,,,
8103,瀚荃,,,,,,
8104,錸寶,,,,,,
8105,凌巨,,,,,,
8110,華東,,,,,,
8112,至上,,,,,,
8114,振樺電,,,,,,
8131,福懋科,,,,,,
8150,南茂,,,,,,
8163,達方,,,,,,
8201,無敵,,,,,,
8210,勤誠,,,,,,
8213,志超,,,,,,
8215,明基材,,,,,,
8222,寶一,,,,,,
8249,菱光,,,,,,
8261,富鼎,,,,,,
8271,宇瞻,,,,,,
8341,日友,,,,,,
8367,建新國際,,,,,,
8374,羅昇,,,,,,
8404,百和興業-KY,,,,,,
8411,福貞-KY,,,,,,
8422,可寧衛,,,,,,
8429,金麗-KY,,,,,,
8438,昶昕,,,,,,
8442,威宏-KY,,,,,,
8443,阿瘦,,,,,,
8454,富邦媒,,,,,,
8462,柏文,,,,,,
8463,潤泰材,,,,,,
8464,億豐,,,,,,
8466,美吉吉-KY,,,,,,
8467,波力-KY,,,,,,
8473,山林水,,,,,,
8476,台境,,,,,,
8478,東哥遊艇,,,,,,
8481,政伸,,,,,,
8482,商億-KY,,,,,,
8488,吉源-KY,,,,,,
8499,鼎炫-KY,,,,,,
8926,台汽電,,,,,,
8940,新天地,,,,,,
8996,高力,,,,,,
9802,鈺齊-KY,,,,,,
9902,台火,,,,,,
9904,寶成,,,,,,
9905,大華,,,,,,
9906,欣巴巴,,,,,,
9907,統一實,,,,,,
9908,大台北,,,,,,
9910,豐泰,,,,,,
9911,櫻花,,,,,,
9912,偉聯,,,,,,
9914,美利達,,,,,,
9917,中保科,,,,,,
9918,欣天然,,,,,,
9919,康那香,,,,,,
9921,巨大,,,,,,
9924,福興,,,,,,
9925,新保,,,,,,
9926,新海,,,,,,
9927,泰銘,,,,,,
9928,中視,,,,,,
9929,秋雨,,,,,,
9930,中聯資源,,,,,,
9931,欣高,,,,,,
9933,中鼎,,,,,,
9934,成霖,,,,,,
9935,慶豐富,,,,,,
9937,全國,,,,,,
9938,百和,,,,,,
9939,宏全,,,,,,
9940,信義,,,,,,
9941,裕融,,,,,,
9942,茂順,,,,,,
9943,好樂迪,,,,,,
9944,新麗,,,,,,
9945,潤泰新,,,,,,
9946,三發地產,,,,,,
9955,佳龍,,,,,,
9958,世紀鋼,,,,,,
